course,model_family,mae,rmse,mape,asym_loss,n_preds,params_json,error
avalanche rescue,ridge,52.25800746687706,114.4126145527589,81.44088781324542,65.73121761135486,126,"{""alpha"": 10.0, ""use_log"": true}",
avalanche rescue,elasticnet,64.69847795109641,148.86069861961175,78.92011874352939,70.27706169314136,126,"{""alpha"": 0.1, ""l1_ratio"": 0.5, ""use_log"": true}",
avalanche rescue,prophet,44.50000306764444,89.49068819466454,87.32655286741713,71.49361495274329,126,"{""yearly_seasonality"": true, ""seasonality_mode"": ""multiplicative""}",
avalanche rescue,seasonal_naive,46.11904761904762,86.88283480715269,71.70314191592561,75.51587301587301,126,{},
avalanche rescue,random_forest,54.53514157486401,114.5211594004714,75.78393917141076,76.73810304355712,126,"{""n_estimators"": 500, ""max_depth"": 8, ""min_samples_leaf"": 3, ""use_log"": true}",
avalanche rescue,catboost,70.78653471040002,167.80565015738418,71.70633707691606,77.37945259099936,126,"{""depth"": 4, ""learning_rate"": 0.1, ""use_log"": true}",
avalanche rescue,random_forest,55.028638121169486,115.12899650475528,81.82462985110894,77.56080643312681,126,"{""n_estimators"": 500, ""max_depth"": 4, ""min_samples_leaf"": 3, ""use_log"": true}",
avalanche rescue,random_forest,54.87314727552974,114.31537609264333,75.85477320779745,77.66343012406479,126,"{""n_estimators"": 200, ""max_depth"": 8, ""min_samples_leaf"": 3, ""use_log"": true}",
avalanche rescue,random_forest,55.2007505584938,114.57779407201984,81.53763093724828,78.22270168733357,126,"{""n_estimators"": 200, ""max_depth"": 4, ""min_samples_leaf"": 3, ""use_log"": true}",
avalanche rescue,hist_gradient_boosting,67.30286865106906,156.89837965312972,73.21997999594522,78.98407612880511,126,"{""learning_rate"": 0.1, ""max_depth"": 3, ""min_samples_leaf"": 5, ""use_log"": true}",
avalanche rescue,catboost,74.48217231852789,174.31213469367407,70.6295127315682,79.19714208232631,126,"{""depth"": 4, ""learning_rate"": 0.05, ""use_log"": true}",
avalanche rescue,elasticnet,73.15761794192917,166.5945181810797,91.3554967389239,79.48809070340664,126,"{""alpha"": 0.1, ""l1_ratio"": 0.9, ""use_log"": true}",
avalanche rescue,hist_gradient_boosting,70.39237257107933,164.3170655419126,72.70582656077612,82.89157823278464,126,"{""learning_rate"": 0.05, ""max_depth"": 3, ""min_samples_leaf"": 5, ""use_log"": true}",
avalanche rescue,xgboost,72.77896897376715,163.74204310087262,75.17530343590411,83.51186846646421,126,"{""n_estimators"": 500, ""learning_rate"": 0.1, ""max_depth"": 3, ""use_log"": true}",
avalanche rescue,xgboost,77.03767116728797,173.1862213610793,72.79789626294111,86.66016786356849,126,"{""n_estimators"": 200, ""learning_rate"": 0.1, ""max_depth"": 3, ""use_log"": true}",
avalanche rescue,hist_gradient_boosting,71.99800081347414,158.29860745354344,83.87050808262335,86.91519858121423,126,"{""learning_rate"": 0.1, ""max_depth"": 5, ""min_samples_leaf"": 5, ""use_log"": true}",
avalanche rescue,sarimax,51.02584601259885,86.17418538253287,137.64096985202352,87.5037962838424,126,"{""order"": [1, 0, 1], ""seasonal_order"": [1, 1, 1, 12]}",
avalanche rescue,xgboost,79.76037970719497,182.3172124619137,69.35236478434183,87.69927765291169,126,"{""n_estimators"": 500, ""learning_rate"": 0.05, ""max_depth"": 5, ""use_log"": true}",
avalanche rescue,sarimax,52.02028038915806,89.72591953536065,131.7626430974207,87.79168611940946,126,"{""order"": [1, 0, 1], ""seasonal_order"": [0, 1, 1, 12]}",
avalanche rescue,random_forest,66.80762049726755,148.25372700203567,86.4482406231954,88.6659318984392,126,"{""n_estimators"": 200, ""max_depth"": 8, ""min_samples_leaf"": 6, ""use_log"": true}",
avalanche rescue,random_forest,66.82186901756111,148.25448405387706,86.79245282562131,88.68975906481917,126,"{""n_estimators"": 200, ""max_depth"": 4, ""min_samples_leaf"": 6, ""use_log"": true}",
avalanche rescue,xgboost,80.59213574046069,180.3671126897011,62.74302531510389,88.78725284772985,126,"{""n_estimators"": 200, ""learning_rate"": 0.05, ""max_depth"": 3, ""use_log"": true}",
avalanche rescue,random_forest,67.29412055821788,149.53049248889195,89.47474298495696,88.79036345824024,126,"{""n_estimators"": 500, ""max_depth"": 8, ""min_samples_leaf"": 6, ""use_log"": true}",
avalanche rescue,random_forest,67.30981995269998,149.53124346522722,89.89942908744698,88.81838351716335,126,"{""n_estimators"": 500, ""max_depth"": 4, ""min_samples_leaf"": 6, ""use_log"": true}",
avalanche rescue,sarimax,51.74068616733082,87.74826266906781,127.77243929087668,88.8594175816873,126,"{""order"": [1, 1, 1], ""seasonal_order"": [1, 1, 0, 12]}",
avalanche rescue,sarimax,51.810051810389005,87.31273863948333,133.36584841208312,89.36909039105805,126,"{""order"": [1, 0, 1], ""seasonal_order"": [1, 1, 0, 12]}",
avalanche rescue,xgboost,78.89143558934568,173.28904858925372,65.67946657767159,90.16070554984941,126,"{""n_estimators"": 500, ""learning_rate"": 0.05, ""max_depth"": 3, ""use_log"": true}",
avalanche rescue,hist_gradient_boosting,74.74818544788327,167.7642867584231,81.88473944420255,90.36608857362056,126,"{""learning_rate"": 0.05, ""max_depth"": 5, ""min_samples_leaf"": 5, ""use_log"": true}",
avalanche rescue,sarimax,54.49137951070815,91.92603952846738,157.9557183212146,90.58035122955206,126,"{""order"": [0, 1, 1], ""seasonal_order"": [0, 1, 1, 12]}",
avalanche rescue,sarimax,56.278161142229074,95.47739993920727,154.15618463179243,94.7481887815694,126,"{""order"": [0, 1, 1], ""seasonal_order"": [1, 1, 0, 12]}",
avalanche rescue,xgboost,89.43661208196782,199.60560443697025,68.97297026138098,96.56277103474251,126,"{""n_estimators"": 200, ""learning_rate"": 0.05, ""max_depth"": 5, ""use_log"": true}",
avalanche rescue,xgboost,84.37020985912143,187.15581283972293,72.91447864326001,96.86191733228597,126,"{""n_estimators"": 200, ""learning_rate"": 0.1, ""max_depth"": 5, ""use_log"": true}",
avalanche rescue,xgboost,82.81339827265003,182.10626556014515,73.81822577896159,97.02562406025125,126,"{""n_estimators"": 500, ""learning_rate"": 0.1, ""max_depth"": 5, ""use_log"": true}",
avalanche rescue,sarimax,61.99645943243491,105.22320737876304,159.83314676161478,106.02994822945938,126,"{""order"": [0, 1, 1], ""seasonal_order"": [1, 1, 1, 12]}",
avalanche rescue,catboost,95.61447753769671,221.9086775541998,86.73038694620075,106.89789691528053,126,"{""depth"": 6, ""learning_rate"": 0.1, ""use_log"": true}",
avalanche rescue,hist_gradient_boosting,84.95006461999644,200.88391097312137,79.92294505687019,107.05844559097969,126,"{""learning_rate"": 0.05, ""max_depth"": 5, ""min_samples_leaf"": 10, ""use_log"": true}",
avalanche rescue,catboost,97.94915097542837,222.98625343413045,87.40781176155889,107.9792099299755,126,"{""depth"": 6, ""learning_rate"": 0.05, ""use_log"": true}",
avalanche rescue,sarimax,81.89083486971018,181.61365701115602,106.55179745837096,109.17556075363825,126,"{""order"": [1, 1, 1], ""seasonal_order"": [1, 1, 1, 12]}",
avalanche rescue,hist_gradient_boosting,85.9097901966973,199.8748536489614,77.33822323570539,111.71405926952696,126,"{""learning_rate"": 0.1, ""max_depth"": 3, ""min_samples_leaf"": 10, ""use_log"": true}",
avalanche rescue,hist_gradient_boosting,87.7754052468048,202.95686134191968,78.04481380831474,113.65976801170314,126,"{""learning_rate"": 0.05, ""max_depth"": 3, ""min_samples_leaf"": 10, ""use_log"": true}",
avalanche rescue,hist_gradient_boosting,89.15145965831985,202.803759705968,83.19756128810654,121.94229021996755,126,"{""learning_rate"": 0.1, ""max_depth"": 5, ""min_samples_leaf"": 10, ""use_log"": true}",
avalanche rescue,ridge,79.60171889909005,201.78005281387442,86.70564493195783,123.61870176289527,126,"{""alpha"": 1.0, ""use_log"": true}",
avalanche rescue,elasticnet,129.6858897297065,254.8410934654843,110.93699593445399,133.6430663539145,126,"{""alpha"": 1.0, ""l1_ratio"": 0.5, ""use_log"": true}",
avalanche rescue,elasticnet,146.05647273816413,282.441458071849,117.09514032595271,150.93441641534466,126,"{""alpha"": 1.0, ""l1_ratio"": 0.9, ""use_log"": true}",
avalanche rescue,elasticnet,93.81421186193712,252.84805238607083,93.50986194609176,154.62608110624672,126,"{""alpha"": 0.01, ""l1_ratio"": 0.9, ""use_log"": true}",
avalanche rescue,elasticnet,94.36777610699035,250.26171065695016,96.23540851970446,156.61100570781713,126,"{""alpha"": 0.01, ""l1_ratio"": 0.5, ""use_log"": true}",
avalanche rescue,ridge,113.33712380526195,329.0745605218861,96.88941284508475,178.5762165815106,126,"{""alpha"": 0.1, ""use_log"": true}",
avalanche rescue,ets,246.21294920250574,304.23793784273124,1915.28332238198,370.9346287930866,126,"{""trend"": ""add"", ""seasonal"": ""add"", ""damped_trend"": true}",
avalanche rescue,ets,246.21294920250574,304.23793784273124,1915.28332238198,370.9346287930866,126,"{""trend"": ""add"", ""seasonal"": ""add"", ""damped_trend"": false}",
avalanche rescue,ets,246.21294920250574,304.23793784273124,1915.28332238198,370.9346287930866,126,"{""trend"": ""add"", ""seasonal"": ""mul"", ""damped_trend"": true}",
avalanche rescue,ets,246.21294920250574,304.23793784273124,1915.28332238198,370.9346287930866,126,"{""trend"": ""add"", ""seasonal"": ""mul"", ""damped_trend"": false}",
avalanche rescue,ets,246.21294920250574,304.23793784273124,1915.28332238198,370.9346287930866,126,"{""trend"": ""add"", ""seasonal"": null, ""damped_trend"": true}",
avalanche rescue,ets,246.21294920250574,304.23793784273124,1915.28332238198,370.9346287930866,126,"{""trend"": ""add"", ""seasonal"": null, ""damped_trend"": false}",
avalanche rescue,ets,246.21294920250574,304.23793784273124,1915.28332238198,370.9346287930866,126,"{""trend"": ""mul"", ""seasonal"": ""add"", ""damped_trend"": true}",
avalanche rescue,ets,246.21294920250574,304.23793784273124,1915.28332238198,370.9346287930866,126,"{""trend"": ""mul"", ""seasonal"": ""add"", ""damped_trend"": false}",
avalanche rescue,ets,246.21294920250574,304.23793784273124,1915.28332238198,370.9346287930866,126,"{""trend"": ""mul"", ""seasonal"": ""mul"", ""damped_trend"": true}",
avalanche rescue,ets,246.21294920250574,304.23793784273124,1915.28332238198,370.9346287930866,126,"{""trend"": ""mul"", ""seasonal"": ""mul"", ""damped_trend"": false}",
avalanche rescue,ets,246.21294920250574,304.23793784273124,1915.28332238198,370.9346287930866,126,"{""trend"": ""mul"", ""seasonal"": null, ""damped_trend"": true}",
avalanche rescue,ets,246.21294920250574,304.23793784273124,1915.28332238198,370.9346287930866,126,"{""trend"": ""mul"", ""seasonal"": null, ""damped_trend"": false}",
avalanche rescue,ets,246.21294920250574,304.23793784273124,1915.28332238198,370.9346287930866,126,"{""trend"": null, ""seasonal"": ""add"", ""damped_trend"": false}",
avalanche rescue,ets,246.21294920250574,304.23793784273124,1915.28332238198,370.9346287930866,126,"{""trend"": null, ""seasonal"": ""mul"", ""damped_trend"": false}",
avalanche rescue,sarimax,8.411271454473142e+47,9.359533142133408e+48,1.9581667122483733e+47,1.6822542908946284e+48,126,"{""order"": [1, 1, 1], ""seasonal_order"": [0, 1, 1, 12]}",
